
<!--<?xml version="1.0" encoding="UTF-8"?>-->
<!--<!DOCTYPE log4j:configuration PUBLIC "-//log4j/log4j Configuration//EN" "log4j.dtd">-->
<!--<log4j:configuration>-->

    <!--<appender name="CONSOLE" class="org.apache.log4j.ConsoleAppender">-->
        <!--<param name="Target" value="System.out" />-->
        <!--<layout class="org.apache.log4j.PatternLayout">-->
            <!--<param name="ConversionPattern" value="%-d{yyyy-MM-dd HH:mm:ss} rpc-server [%c]-[%t]-[%M]-[%L]-[%p] %m%n" />-->
        <!--</layout>-->
    <!--</appender>-->

    <!--<root>-->
        <!--<level value="INFO" />-->
        <!--<appender-ref ref="CONSOLE" />-->
    <!--</root>-->
    <!--&lt;!&ndash;<root>&ndash;&gt;-->
    <!--&lt;!&ndash;<level value="DEBUG"/>&ndash;&gt;-->
    <!--&lt;!&ndash;<appender-ref ref="CONSOLE"/>&ndash;&gt;-->
    <!--&lt;!&ndash;</root>&ndash;&gt;-->

<!--</log4j:configuration>-->