<!--<?xml version="1.0" encoding="UTF-8"?>-->
<!--<beans xmlns="http://www.springframework.org/schema/beans"-->
       <!--xmlns:xsi="http://www.w3.org/2001/XMLSchema-instance"-->
       <!--xsi:schemaLocation="http://www.springframework.org/schema/beans http://www.springframework.org/schema/beans/spring-beans.xsd">-->


    <!--<bean id="driverManagerDateSource"-->
          <!--class="org.springframework.jdbc.datasource.DriverManagerDataSource">-->
        <!--<property name="driverClassName" value="com.mysql.jdbc.Driver" />-->
        <!--<property name="url" value="jdbc:mysql://47.94.21.104:3306/db2" />-->
        <!--<property name="username" value="root" />-->
        <!--<property name="password" value="root"></property>-->
    <!--</bean>-->
    <!--<bean id="jdbcTemplate" class="org.springframework.jdbc.core.JdbcTemplate">-->
        <!--<property name="dataSource" ref="driverManagerDateSource"></property>-->
    <!--</bean>-->


<!--</beans>-->


